bcID,sampleID
P1-1_ACCA,P017
P1-1_AGAC,P009
P1-1_AGTG,P025
P1-1_CATC,P033
P1-1_CTAC,P065
P1-1_GACT,P089
P1-1_GCTT,P057
P1-1_GTGA,P041
P1-1_GTGT,P001
P1-1_TCAC,P081
P1-1_TCAG,P049
P1-1_TGTC,P073
P1-2_ACCA,P018
P1-2_AGAC,P010
P1-2_AGTG,P026
P1-2_CATC,P034
P1-2_CTAC,P066
P1-2_GACT,P090
P1-2_GCTT,P058
P1-2_GTGA,P042
P1-2_GTGT,P002
P1-2_TCAC,P082
P1-2_TCAG,P050
P1-2_TGTC,P074
P1-3_ACCA,P019
P1-3_AGAC,P011
P1-3_AGTG,P027
P1-3_CATC,P035
P1-3_CTAC,P067
P1-3_GACT,P028-2
P1-3_GCTT,P059
P1-3_GTGA,P043
P1-3_GTGT,P003
P1-3_TCAC,P083
P1-3_TCAG,P051
P1-3_TGTC,P075
P1-4_ACCA,P020
P1-4_AGAC,P012
P1-4_AGTG,P028-1
P1-4_CATC,P036
P1-4_CTAC,P068
P1-4_GACT,P046-2
P1-4_GCTT,P060
P1-4_GTGA,P044
P1-4_GTGT,P004
P1-4_TCAC,P084
P1-4_TCAG,P052
P1-4_TGTC,P076
P1-5_ACCA,P021
P1-5_AGAC,P013
P1-5_AGTG,P029
P1-5_CATC,P037
P1-5_CTAC,P069
P1-5_GACT,P077-2
P1-5_GCTT,P061
P1-5_GTGA,P045
P1-5_GTGT,P005
P1-5_TCAC,P085
P1-5_TCAG,P053
P1-5_TGTC,P077-1
P1-6_ACCA,P022
P1-6_AGAC,P014
P1-6_AGTG,P030
P1-6_CATC,P038
P1-6_CTAC,P070
P1-6_GACT,P028-3
P1-6_GCTT,P062
P1-6_GTGA,P046-1
P1-6_GTGT,P006
P1-6_TCAC,P086
P1-6_TCAG,P054
P1-6_TGTC,P078
P1-7_ACCA,P023
P1-7_AGAC,P015
P1-7_AGTG,P031
P1-7_CATC,P039
P1-7_CTAC,P071
P1-7_GACT,P046-3
P1-7_GCTT,P063
P1-7_GTGA,P047
P1-7_GTGT,P007
P1-7_TCAC,P087
P1-7_TCAG,P055
P1-7_TGTC,P079
P1-8_ACCA,P024
P1-8_AGAC,P016
P1-8_AGTG,P032
P1-8_CATC,P040
P1-8_CTAC,P072
P1-8_GACT,P077-3
P1-8_GCTT,P064
P1-8_GTGA,P048
P1-8_GTGT,P008
P1-8_TCAC,P088
P1-8_TCAG,P056
P1-8_TGTC,P080
